caseid,Q8_1,Q8_2,Q8_3,Q8_4,Q8_5,Q8_6,Q8_7,Q8_8,Q8_9,Q8_11,Q8_12,Q8_13,Q8_14,Q8_15,Q8_16,Q8_17,Q8_18,Q8_19,Q8_20,Q8_21
1001230385,998,8,3,998,5,2,998,998,998,6,7,998,9,10,4,998,998,1,998,998
1001231213,998,1,998,998,998,3,4,998,998,998,998,998,998,998,2,998,998,998,998,998
1001119057,998,998,998,998,998,998,998,998,998,998,998,998,998,998,998,998,998,1,998,998
1001230881,998,1,998,998,7,5,998,998,998,3,6,998,4,998,998,998,998,2,998,998
1001226275,998,3,998,998,2,998,998,998,998,4,998,998,998,998,998,998,998,1,998,998
1001231717,6,3,5,998,1,7,998,998,998,4,998,998,9,8,10,998,998,2,998,998
1001231677,998,2,4,998,998,6,998,998,998,1,5,998,998,998,998,998,998,3,998,998
1001236459,998,998,998,998,998,998,998,998,998,998,998,998,998,998,998,998,998,998,998,998
1001237033,10,4,998,998,6,7,8,9,998,5,998,998,2,998,3,998,998,1,998,998
1001237971,998,4,3,998,5,998,998,8,998,7,998,998,6,998,1,998,998,9,10,2
1001236651,998,2,998,998,998,998,998,998,998,998,998,998,998,998,1,998,998,998,998,998
1001236699,7,2,4,998,998,998,998,998,9,5,998,998,998,998,6,3,8,1,10,998
1001236731,1,5,998,998,998,3,10,9,998,8,998,6,998,2,998,998,4,7,998,998
1001238111,4,998,9,3,998,998,10,8,998,998,998,7,998,2,998,5,998,1,6,998
1001237059,8,1,998,4,998,3,998,9,2,998,10,998,6,5,998,998,998,998,998,7
1001238283,998,3,1,998,5,998,998,998,998,998,998,998,998,998,998,998,998,2,998,4
1001161313,998,1,6,998,998,5,998,998,998,4,998,998,2,998,3,998,998,998,7,998
1001138775,998,1,4,998,998,998,998,998,998,3,998,998,2,998,5,998,998,998,998,998
1001238699,998,1,998,998,998,3,998,998,998,998,998,998,998,998,2,998,998,998,998,998
1001243361,9,998,7,998,3,8,998,6,998,998,5,998,4,10,1,998,998,2,998,998
1001238445,998,1,5,998,7,10,998,998,998,3,998,998,6,998,4,998,8,2,998,9
1001237639,998,2,6,998,5,3,998,998,998,4,7,998,8,998,998,998,10,1,998,9
1001236717,10,1,998,2,4,5,998,8,998,3,9,998,7,6,998,998,998,998,998,998
1001244163,998,1,6,998,2,4,5,998,998,7,998,998,3,998,10,998,998,9,998,8
1001237569,998,1,998,7,6,998,998,998,998,3,998,998,4,998,5,998,998,2,998,998
1001244383,998,8,998,998,6,7,998,998,1,998,10,998,9,998,3,998,998,4,5,2
1001230489,3,998,998,998,998,998,998,998,1,998,998,998,4,998,2,998,998,998,998,998
1001245565,998,1,998,998,998,998,998,998,998,998,998,998,998,998,3,998,998,2,998,998
1001122729,5,1,998,998,998,998,998,998,998,2,4,998,998,998,998,998,998,3,998,998
1001252215,998,7,6,4,998,998,998,8,10,3,998,998,998,998,1,998,5,998,9,2
1001253495,998,4,6,998,998,998,998,998,998,1,998,3,998,998,998,998,5,2,998,998
1001257675,998,1,5,998,7,4,998,998,998,9,998,998,8,998,3,998,998,2,998,6
1001131631,998,2,8,998,3,10,998,998,9,4,998,998,5,998,6,998,998,1,998,7
1001131323,998,2,9,998,998,1,6,998,998,5,998,998,998,10,4,998,7,3,998,8
1001232975,998,7,5,998,2,3,998,998,998,10,998,998,6,8,998,998,4,1,998,9
1001107799,998,1,998,998,998,998,998,998,998,998,998,998,3,998,998,998,998,998,998,2
1001142217,9,6,1,8,10,998,998,4,998,998,2,998,998,3,998,5,998,7,998,998
1001138993,998,998,998,998,998,998,998,998,2,998,998,998,998,998,998,998,998,998,998,1
1001292261,998,998,998,998,998,998,998,998,998,998,998,998,998,998,998,998,998,998,998,998
1001150517,998,2,3,998,998,998,998,998,998,998,998,998,998,998,1,998,998,998,998,4
1001203081,998,2,998,998,998,998,998,4,998,998,998,998,998,998,1,998,998,3,998,998
1001150579,998,998,998,3,5,2,998,998,998,4,9,998,8,998,998,998,1,6,10,7
1001297075,3,998,998,998,998,998,2,998,1,998,998,998,998,998,5,998,998,998,4,998
1000209931,998,3,998,998,4,998,10,9,998,5,998,998,6,998,2,8,7,1,998,998
1001239941,7,1,998,10,8,998,998,9,3,998,998,998,998,998,2,5,4,998,6,998
1001296945,998,998,998,998,998,3,998,998,998,998,998,998,998,998,1,998,998,2,998,4
1001233005,3,1,7,998,5,8,998,998,998,4,10,998,998,9,6,998,998,2,998,998
1001031797,998,1,2,10,998,998,7,998,998,6,8,998,998,9,4,998,998,3,5,998
1001296863,998,1,998,998,998,998,998,998,998,998,998,998,998,998,998,998,998,998,998,998
1001293447,998,7,998,998,6,4,998,998,9,3,5,998,998,998,1,998,8,2,998,998
1000755467,998,998,998,998,998,998,998,998,998,998,998,998,1,998,998,998,998,998,998,998
1000798249,998,998,998,998,998,998,998,998,998,998,998,998,998,998,998,998,998,998,998,998
1000518489,998,1,998,998,998,998,998,998,998,4,998,998,3,998,2,998,998,998,998,998
1001127995,998,2,998,998,3,998,998,998,998,998,998,998,998,998,4,998,998,1,998,5
1001260735,998,1,9,998,3,8,998,998,998,4,6,998,7,998,2,998,998,5,998,10
1001246979,998,5,9,998,4,998,998,998,1,7,8,998,6,998,3,998,10,2,998,998
1001246997,998,998,998,998,998,998,4,998,2,998,998,998,998,998,1,998,998,5,3,998
1001142351,9,2,7,998,3,8,998,998,998,5,4,998,998,998,10,998,998,1,998,6
1001295993,998,998,998,998,5,3,998,998,8,7,9,998,4,998,2,998,998,1,6,10
1000818743,998,998,7,998,998,998,6,3,998,4,5,998,998,2,8,998,9,10,1,998
1000100809,998,1,6,998,3,998,998,998,998,4,998,998,7,998,5,998,998,2,998,998
1001164667,7,6,998,998,998,998,998,998,5,1,998,9,10,8,4,998,998,2,3,998
1001122645,998,2,998,998,3,998,998,998,998,4,998,998,6,998,5,998,998,1,998,998
1001260745,998,998,998,998,998,998,998,998,998,998,998,998,2,998,1,998,998,3,998,998
1001164189,998,5,7,998,3,8,998,998,998,6,9,998,998,10,2,998,998,1,998,4
1001027609,998,5,4,998,998,6,998,998,998,2,998,998,998,998,3,998,998,1,998,998
1001457753,998,3,6,998,5,2,998,998,998,4,7,998,8,998,998,998,998,1,998,998
1001562163,998,1,998,998,5,998,998,998,998,4,998,998,998,998,3,998,998,2,998,998
1001562155,998,4,9,998,3,8,998,998,7,5,998,998,6,998,2,998,998,1,998,10
1001557415,998,6,8,998,5,3,998,998,998,7,4,998,9,998,10,998,998,1,998,2
1001473933,998,5,2,998,8,998,998,998,998,4,7,998,998,998,6,998,3,1,998,9
1001562351,10,3,4,8,6,998,998,7,998,1,998,998,998,9,2,998,998,5,998,998
1001401273,998,5,998,998,4,10,998,998,998,2,6,998,3,998,7,998,9,1,998,8
1001512591,998,998,7,998,6,3,9,998,998,1,5,998,8,10,998,998,998,2,998,4
1001562837,1,4,3,998,8,10,998,6,2,9,998,998,998,998,998,998,998,7,998,5
1001558759,998,998,998,998,998,998,998,998,998,1,2,998,998,998,3,998,998,998,998,998
1001563159,998,998,998,998,998,998,998,998,998,3,998,998,998,998,2,998,998,1,998,998
1001563041,998,3,998,998,998,998,998,998,998,998,998,998,998,998,1,998,998,2,998,998
1001562997,998,998,998,998,1,998,998,998,998,998,998,998,998,998,3,998,998,2,998,998
1001473789,998,998,998,998,998,998,998,998,1,998,998,998,998,998,2,998,998,998,3,998
1001563111,998,998,998,998,998,998,998,998,3,998,998,998,998,998,1,998,998,2,998,998
1001521491,998,1,998,998,998,998,998,998,998,998,998,998,998,998,998,998,998,998,998,998
1001563049,998,1,5,998,3,7,998,998,998,4,8,998,9,998,10,998,2,6,998,998
1001528973,4,2,1,998,6,3,998,998,9,998,998,998,5,998,998,998,10,998,8,7
1001563047,998,3,998,998,998,998,998,998,998,998,998,998,998,998,1,998,998,2,998,998
1001551759,998,2,5,998,3,8,998,998,9,7,6,998,998,998,4,998,998,1,998,10
1001568613,998,998,3,998,1,998,998,998,998,998,998,998,4,998,998,998,5,998,998,2
1000112507,998,998,6,3,998,7,998,5,998,2,998,8,998,10,1,9,4,998,998,998
1001511559,998,998,998,998,2,998,998,998,998,998,998,998,998,998,1,998,998,3,998,998
1001556487,998,998,998,998,4,6,998,998,998,2,998,998,998,998,3,998,998,1,998,5
1001568473,998,5,4,998,3,998,998,998,998,2,998,998,6,998,7,998,998,1,998,998
1001569371,998,998,998,998,998,998,998,998,998,998,998,998,998,998,998,998,998,998,998,998
1001501489,4,998,998,998,2,998,998,998,998,5,998,998,998,998,3,998,998,1,998,998
1001568561,998,1,998,3,998,998,998,998,998,998,998,998,998,998,998,998,2,998,5,4
1001563255,998,1,4,998,7,5,998,998,998,2,998,998,6,9,10,998,998,3,998,8
1001569013,998,4,3,998,1,2,998,998,998,5,998,998,998,998,998,998,998,998,998,998
1001511539,998,5,6,8,3,4,998,998,998,1,2,998,7,9,998,998,998,10,998,998
1001568991,998,998,4,998,2,8,10,998,998,7,9,998,6,998,5,998,3,1,998,998
1001556151,998,998,998,998,998,998,998,998,1,998,998,998,998,998,2,998,998,998,998,998
1001511619,998,1,998,998,4,3,998,998,9,8,10,998,5,998,998,998,7,2,998,6
1001563027,998,998,998,998,998,998,998,998,998,998,998,998,998,998,998,998,998,998,998,998
1001568967,998,998,3,998,5,4,998,998,998,998,1,998,998,998,998,998,998,2,998,998
1000610781,998,998,5,9,8,2,998,998,998,1,3,998,4,998,7,998,998,6,998,998
1001510757,998,2,998,998,998,998,998,998,998,998,998,998,998,4,998,998,3,998,1,998
1001569765,998,998,998,998,998,998,998,998,998,998,998,998,998,998,998,998,998,998,998,998
1001564621,998,4,998,998,5,998,7,998,998,8,998,998,6,998,1,9,10,2,998,3
1001569095,998,3,5,998,1,6,998,998,998,4,9,998,10,998,998,998,7,2,998,8
1001568937,998,5,998,998,9,1,998,998,10,6,998,998,2,998,4,998,3,7,998,8
1001520043,998,2,3,998,1,4,998,998,998,998,5,998,998,998,998,998,998,998,998,998
1001528841,998,1,5,998,998,8,6,998,998,998,3,998,10,9,4,998,998,2,998,7
1001512091,998,1,998,998,4,998,998,998,998,998,998,998,998,998,3,998,998,2,6,5
1001557141,998,1,5,998,4,10,8,998,9,2,998,998,7,998,6,998,998,3,998,998
1001569507,998,9,4,998,7,6,10,998,998,2,8,998,3,998,5,998,998,1,998,998
1001569667,998,1,4,998,7,6,998,998,998,2,5,998,8,998,998,998,9,3,998,998
1001445243,10,2,998,998,998,1,998,6,998,8,4,998,7,998,998,998,998,3,5,9
1001569665,998,2,998,8,998,998,998,9,998,7,10,998,6,5,1,998,3,4,998,998
1001530629,998,998,998,998,998,998,998,998,998,998,998,998,998,998,3,998,998,1,998,2
1001569721,998,1,998,7,5,998,998,9,998,998,6,998,4,10,2,998,998,3,998,8
1001570223,998,1,8,998,9,5,998,998,998,998,10,998,998,4,2,998,998,3,6,7
1001529275,6,3,998,998,7,4,998,998,998,2,998,998,5,998,998,998,998,1,998,998
1001474709,998,1,7,998,3,6,9,998,998,4,10,998,5,998,8,998,998,2,998,998
1001473797,7,1,2,10,6,998,998,9,998,5,998,998,998,998,4,998,998,3,8,998
1001570863,8,1,998,7,2,998,998,4,998,10,3,998,6,5,998,998,998,9,998,998
1001548249,998,3,7,998,6,998,998,998,998,4,998,998,2,998,5,998,998,1,998,998
1001574445,998,998,998,998,998,998,998,998,998,3,998,998,998,998,1,998,998,2,998,998
1001239973,998,998,998,998,998,998,998,998,998,998,998,998,998,998,1,998,998,998,998,998
1001572435,4,998,7,6,1,998,10,998,998,9,998,8,998,998,3,998,2,5,998,998
1001570483,10,6,7,998,2,5,998,998,998,4,9,998,3,8,998,998,998,1,998,998
1001570853,998,3,5,998,10,998,998,6,998,1,998,998,2,998,7,8,998,4,9,998
1001547279,998,5,8,10,2,998,4,998,1,9,998,998,998,7,6,998,998,3,998,998
1000755643,998,998,3,998,998,998,998,998,998,2,998,998,4,998,998,998,998,1,998,998
1001576463,998,3,9,998,5,998,7,998,8,4,998,998,998,6,2,998,998,1,10,998
1001501337,998,998,3,998,7,6,998,998,998,2,9,998,8,998,4,998,998,1,998,5
1001473509,998,7,3,998,2,998,998,998,998,1,998,998,5,6,998,10,9,4,998,8
1001563377,998,4,998,10,3,7,998,998,9,2,5,998,8,998,6,998,998,1,998,998
1001475177,998,998,998,998,998,998,998,998,998,998,998,998,998,998,1,998,998,998,998,998
1001529867,998,998,998,998,998,998,998,998,998,998,998,998,998,998,998,998,998,2,998,998
1001474899,998,1,998,998,3,998,5,998,998,998,998,998,2,998,4,998,998,998,998,998
1001576441,998,1,7,998,5,8,998,998,998,6,4,998,9,998,2,998,10,3,998,998
1001576685,998,998,998,6,998,9,998,998,7,998,3,998,10,2,1,998,4,8,998,5
1001548405,998,1,10,998,2,7,998,998,998,3,8,998,4,998,5,998,9,6,998,998
1001576631,998,7,6,998,1,8,9,998,998,5,10,998,3,998,2,998,998,4,998,998
1001519985,998,2,5,998,6,4,998,998,998,1,998,998,7,998,998,998,998,3,998,998
1001520109,998,1,6,998,5,9,8,998,998,4,998,998,7,998,2,998,998,3,10,998
1001570375,998,7,4,998,998,5,998,998,998,3,2,998,998,998,6,998,998,1,998,998
1001576753,998,998,998,998,998,998,998,998,998,998,998,998,998,998,998,998,998,998,998,998
1001512579,998,1,4,998,2,998,998,998,998,3,998,998,5,998,7,998,998,6,998,998
1000895781,6,4,9,998,3,5,998,998,998,2,7,998,8,10,998,998,998,1,998,998
1001522121,10,2,8,5,1,7,998,998,998,6,4,998,9,998,998,998,998,3,998,998
1001502455,2,7,4,6,3,5,998,998,998,1,998,998,8,998,998,998,998,10,998,9
1001576699,998,1,6,998,5,7,998,998,998,8,998,998,3,998,4,998,998,2,998,998
1001170005,5,8,998,1,2,6,998,998,998,998,998,998,998,4,10,998,7,9,998,3
1000811753,998,3,998,998,998,998,998,998,998,998,998,998,998,998,2,998,998,1,998,998
1001521729,998,1,4,998,998,998,998,998,998,3,998,998,998,998,5,998,998,2,998,998
1001577513,10,7,8,998,5,9,998,998,998,4,998,998,1,998,6,998,998,3,998,2
1001572339,9,7,998,998,2,3,998,998,998,4,5,998,6,998,998,998,998,1,10,8
1000267167,998,4,8,998,6,7,998,998,3,2,5,998,998,998,10,998,998,1,998,9
1001576329,998,2,998,998,5,998,998,998,998,3,1,998,998,998,998,998,998,4,998,998
1001577467,998,998,6,998,8,3,998,998,998,1,4,998,7,998,998,998,998,2,998,5
1001512469,998,10,4,998,2,5,998,998,998,3,998,998,8,998,9,998,6,1,998,7
1001577443,998,4,3,998,9,8,998,998,2,998,10,998,7,998,5,998,998,1,998,6
1001577533,998,998,4,998,998,2,998,998,998,998,998,998,3,998,998,998,998,1,998,998
1001577649,998,3,1,6,998,998,7,998,998,998,9,998,998,8,2,998,998,5,10,4
1001570367,998,2,6,998,5,10,998,998,998,7,3,998,9,998,4,998,998,1,998,8
1001510603,9,4,3,998,2,8,998,998,998,5,998,998,7,998,10,998,6,1,998,998
1001578053,998,998,998,998,998,7,998,10,2,998,4,3,998,9,5,998,8,1,998,6
1001520363,10,7,1,998,998,6,998,9,998,4,998,998,5,998,2,998,8,3,998,998
1001520125,998,2,9,998,10,5,998,998,998,6,1,998,8,998,7,998,998,3,998,4
1001557089,998,7,5,998,3,998,998,998,998,1,4,998,6,998,998,998,998,2,998,998
1001510767,998,1,5,998,998,7,998,998,998,2,998,998,6,998,4,998,998,3,998,998
1001415029,998,1,998,998,3,5,998,998,998,4,9,998,8,10,7,998,998,2,998,6
1001572479,998,7,998,6,3,998,998,998,998,998,998,998,5,998,2,998,998,1,998,4
1001578011,998,2,998,998,998,998,998,998,998,998,998,998,998,998,1,998,998,998,998,998
1001521861,998,8,6,998,3,5,998,998,998,9,998,998,4,7,2,998,998,1,998,10
1001578085,10,998,998,998,998,998,5,6,3,998,9,4,998,1,998,998,8,2,998,7
1001565095,998,9,7,998,3,4,10,998,998,2,5,998,6,998,8,998,998,1,998,998
1001521169,998,1,998,998,998,998,998,998,998,5,3,998,998,998,4,998,998,2,998,998
1001570923,998,998,5,998,4,8,998,998,998,1,9,998,7,10,3,998,998,2,998,6
1001577693,998,1,998,998,998,998,998,998,998,998,998,998,998,2,3,998,998,998,998,998
1001568873,998,998,998,998,998,5,998,998,1,998,998,998,998,998,2,998,998,3,4,998
1001548997,998,998,4,998,3,8,998,998,6,5,998,998,998,998,1,998,7,2,998,998
1001578161,998,1,998,998,998,998,998,998,998,4,998,998,998,998,2,998,998,3,998,998
1001578189,998,998,6,998,4,998,998,998,3,998,998,998,5,998,1,998,998,2,998,7
1001467537,998,998,7,998,9,3,8,998,4,5,998,998,10,998,2,998,998,1,998,6
1001565099,998,1,4,998,3,10,998,998,998,998,7,998,8,9,6,998,5,2,998,998
1001556603,998,998,3,998,6,4,998,998,998,1,998,998,5,998,998,998,998,2,998,998
1001577957,10,4,9,998,1,6,998,998,998,2,7,998,998,998,5,998,998,3,998,8
1001577241,998,4,998,998,3,6,998,998,998,5,7,998,8,10,2,9,998,1,998,998
1001474957,998,7,9,5,1,3,998,998,998,6,4,998,998,998,8,10,998,2,998,998
1001195137,998,1,2,998,998,5,6,998,998,998,998,998,998,998,3,998,998,4,998,998
1001577749,3,2,998,998,1,998,998,998,998,998,4,998,998,998,998,998,998,998,998,998
1000826253,998,3,7,998,5,6,998,998,998,2,8,998,4,998,998,998,998,1,998,998
1001578773,998,998,998,998,998,998,998,998,998,998,998,998,998,998,998,998,998,998,998,998
1001528811,998,2,5,998,3,998,998,998,9,4,8,998,6,998,7,998,998,1,10,998
1001578443,998,998,998,998,6,998,998,998,2,998,998,998,998,998,3,998,998,4,5,1
1001578395,998,9,4,998,8,5,998,998,998,2,6,998,7,998,3,998,998,1,998,998
1001578585,998,2,998,998,8,5,998,7,998,998,998,10,3,998,1,6,998,4,998,9
1001578225,998,10,998,998,5,2,998,998,3,4,7,998,998,998,6,998,998,1,8,9
1001437853,998,8,3,998,4,6,998,998,998,1,5,998,998,998,998,998,998,2,998,7
1001528739,998,2,998,998,998,998,998,998,998,998,998,998,998,998,3,998,998,1,998,998
1001577831,998,1,5,998,9,4,998,998,998,3,8,998,6,7,10,998,998,2,998,998
1001511587,998,1,8,998,998,9,998,6,998,2,10,998,5,7,4,998,998,3,998,998
1001578145,998,2,998,998,8,998,6,1,998,998,998,998,4,998,7,9,998,10,5,3
1001512381,10,1,5,998,8,6,998,998,998,3,4,998,7,998,998,998,9,2,998,998
1001161333,998,998,998,998,998,998,998,1,998,998,998,998,2,998,998,998,998,998,998,998
1001578587,998,998,998,998,998,998,998,998,998,998,998,998,998,998,998,998,998,998,998,1
1001578895,998,1,3,998,998,998,998,998,998,998,4,998,998,998,998,998,2,998,998,998
1001564347,998,1,3,998,998,4,998,998,998,998,998,998,998,998,998,998,998,2,998,998
1001557347,998,2,998,998,1,3,998,998,998,998,998,998,998,998,998,998,998,4,998,998
1001578661,9,1,10,998,998,998,998,7,998,4,998,998,8,3,2,5,998,998,6,998
1001584269,998,10,4,998,3,8,998,998,998,9,5,998,998,998,2,998,998,1,6,7
1001578803,9,1,2,998,998,5,998,4,998,6,7,998,998,998,3,8,998,998,10,998
1001585077,998,998,998,998,3,998,998,998,998,5,6,998,4,998,1,998,998,2,998,998
1001584805,998,10,4,998,9,3,998,998,998,8,7,998,6,998,2,998,998,1,998,5
1001585101,998,4,998,998,5,998,998,998,998,2,3,998,998,998,1,998,998,998,998,998
1001584819,998,2,6,998,4,998,998,998,998,5,8,998,998,998,3,998,998,1,998,7
1001585307,998,4,998,998,3,998,998,998,998,998,998,998,1,998,2,998,998,998,998,998
1001585115,998,998,6,5,1,3,998,998,998,2,998,998,998,998,998,998,998,4,998,998
1001564109,998,998,998,998,3,998,998,998,998,2,998,998,998,998,998,998,998,1,998,998
1001584933,998,998,998,998,998,4,998,998,1,998,998,998,998,998,2,998,998,3,998,5
1001548169,998,10,4,998,9,5,998,998,998,1,998,998,7,998,2,998,6,3,998,8
1001585233,998,998,998,998,4,998,998,998,998,2,998,998,998,998,3,998,998,1,998,998
1001584457,998,1,9,998,998,6,4,8,998,998,998,998,7,5,2,10,998,3,998,998
1001578547,998,9,4,998,2,5,998,998,6,3,998,998,7,10,998,998,998,1,998,8
1001538885,998,998,998,998,4,3,998,998,998,2,998,998,998,998,998,998,998,1,998,5
1001577673,998,6,10,998,1,7,998,998,998,5,998,998,8,998,4,998,9,2,998,3
1001577201,998,998,3,998,5,8,10,998,998,2,6,998,7,9,4,998,998,1,998,998
1001577911,998,1,3,998,998,998,8,5,998,6,998,998,9,7,2,998,998,4,10,998
1001585147,10,3,7,998,4,5,998,998,998,6,2,998,8,998,998,998,9,1,998,998
1001520059,998,3,6,998,2,9,8,998,998,4,5,998,10,998,7,998,998,1,998,998
1001577703,998,8,6,998,5,998,998,998,2,7,998,998,10,998,1,998,998,3,9,4
1001521903,998,3,6,998,4,7,998,998,998,1,10,998,9,998,5,998,8,2,998,998
1001585245,998,1,998,998,998,998,998,998,998,3,998,998,998,998,998,998,4,2,998,998
1001231367,998,1,998,998,4,5,998,998,998,998,7,998,3,998,2,998,998,6,998,998
1001622357,998,998,998,998,1,998,998,998,998,998,998,998,998,998,998,998,998,998,998,998
473842474,998,2,4,998,8,5,998,9,998,998,998,998,998,6,1,998,998,3,10,7
1001622301,998,1,4,998,998,998,998,10,998,2,8,998,998,7,5,998,998,3,9,6
1001622671,998,998,998,998,998,998,1,998,998,998,998,998,998,998,998,998,998,998,998,998
1001351299,998,2,4,998,998,7,998,998,5,3,9,998,6,998,10,998,998,1,8,998
1001529509,998,1,998,998,998,998,998,998,998,5,998,998,4,998,3,998,998,2,998,998
1001621849,998,2,998,998,998,998,998,998,998,3,998,998,1,998,4,998,998,998,998,998
1001622667,998,998,9,998,2,7,998,6,998,5,8,998,1,998,10,998,998,4,998,3
1001622057,998,1,998,998,3,998,998,998,998,998,998,998,998,998,998,998,998,2,998,998
1001529737,998,998,998,998,998,998,998,998,998,1,998,998,998,998,998,998,998,998,998,998
1001622771,998,1,5,998,6,7,998,998,998,9,4,998,8,998,3,998,998,2,998,10
1001622241,998,4,7,998,2,5,998,998,8,3,6,998,10,998,9,998,998,1,998,998
1001622675,998,3,7,998,6,998,998,998,998,2,5,998,8,998,4,998,998,1,998,9
1001623101,998,1,998,998,3,5,7,998,998,4,998,998,6,998,10,998,8,2,998,9
1001572439,998,1,7,998,998,10,6,998,998,3,998,998,998,4,2,9,998,5,8,998
1001622807,998,10,6,7,998,998,998,8,998,1,998,998,998,4,3,998,2,9,5,998
1001502153,998,6,998,4,998,2,998,998,10,1,9,998,5,998,8,998,3,7,998,998
1001537913,998,998,7,998,6,3,9,998,998,4,8,998,5,998,998,998,998,1,10,2
1001622195,4,2,998,998,998,998,998,998,998,998,1,998,998,998,998,998,998,3,998,998
1001627857,998,1,6,998,7,5,998,998,3,998,998,9,998,4,2,998,998,10,998,8
1001529411,5,10,4,998,3,998,998,998,9,6,2,998,7,998,998,998,998,1,998,8
1001559345,998,998,998,6,8,7,998,998,5,2,4,998,998,998,998,998,998,1,998,3
1001474259,5,1,998,998,4,7,998,998,998,8,6,998,998,10,3,998,9,2,998,998
1001627869,998,6,10,998,998,9,998,998,998,2,4,998,8,5,7,998,3,1,998,998
1001628405,998,3,5,998,998,4,998,998,998,2,998,998,998,998,998,998,998,1,998,998
1001547765,998,4,6,998,7,5,998,998,998,2,8,998,9,998,3,998,998,1,998,10
1001473635,998,1,4,998,998,998,998,998,998,998,998,998,998,998,3,998,998,2,998,998
1001627967,998,10,4,998,5,2,998,998,998,1,998,998,6,998,8,998,9,3,998,7
1001628353,998,1,5,998,8,9,998,998,998,3,7,998,6,998,10,998,998,2,998,4
1001628375,998,1,5,6,3,10,998,998,998,998,9,998,998,998,4,998,998,2,8,7
1001629107,998,998,998,998,998,998,998,998,998,998,998,998,998,998,998,998,998,998,998,998
1001627837,998,2,3,998,6,8,998,998,10,5,7,998,4,998,9,998,998,1,998,998
1001628701,10,998,7,998,998,998,998,998,9,8,5,6,998,3,1,4,998,2,998,998
1001629285,998,998,998,998,998,998,998,998,998,1,998,998,998,998,2,998,998,998,998,998
1001628977,998,1,998,998,7,8,998,998,10,5,998,998,9,4,2,998,6,3,998,998
1001629261,998,3,998,998,998,998,998,998,998,1,998,998,998,998,2,998,998,998,998,998
1001629205,5,9,7,998,998,998,10,998,3,998,4,1,998,998,8,2,998,998,6,998
1001628981,998,1,3,998,5,998,998,998,998,4,998,998,6,998,998,998,7,2,998,998
1001628911,998,10,4,998,2,3,998,998,998,6,5,998,1,9,8,998,998,7,998,998
1001629801,998,4,5,998,6,2,998,998,998,3,998,998,7,998,998,998,8,1,998,998
1001629301,998,2,6,998,4,7,998,998,998,3,8,998,5,998,998,998,998,1,998,9
1001629453,998,998,998,10,3,998,9,998,998,5,7,6,998,998,998,8,1,998,4,2
1001628993,998,998,1,998,998,998,998,998,998,2,998,998,3,998,998,998,998,998,998,998
1001629367,6,998,9,998,998,998,998,998,998,3,7,2,998,1,4,998,5,998,8,10
1001629199,998,1,998,998,5,998,998,998,998,998,6,998,4,998,3,998,998,2,998,998
1001629843,998,998,998,998,998,998,998,998,998,5,4,998,1,998,3,998,998,2,998,998
1001629733,2,998,998,998,998,998,998,998,1,998,998,998,998,998,998,998,998,998,998,998
1001629825,998,2,998,998,998,998,998,998,998,998,998,998,998,998,1,998,998,998,998,998
1001564383,998,4,9,998,3,7,10,998,998,2,5,998,998,998,6,998,998,1,998,8
1001629931,998,2,998,6,8,998,998,7,3,9,998,998,5,998,4,998,998,1,10,998
1001629317,8,4,998,5,10,7,998,998,998,998,6,998,1,998,998,998,9,2,998,3
1001629721,7,998,998,8,2,5,998,998,998,1,4,998,9,998,998,998,998,3,6,10
1001548365,998,4,5,2,6,3,998,998,10,7,8,998,9,998,998,998,998,1,998,998
1001629837,998,3,8,998,6,998,998,998,5,4,7,998,9,998,1,10,998,2,998,998
1001630313,7,5,8,998,3,10,998,998,998,4,9,998,6,998,2,998,998,1,998,998
1001630301,998,998,998,998,998,998,998,998,998,998,998,998,998,998,1,998,998,2,998,998
1001630229,9,1,998,998,8,5,998,998,998,2,998,998,6,998,10,7,998,3,998,4
1001636495,6,2,998,9,998,7,998,998,998,5,998,998,4,10,1,998,998,3,998,8
1001629463,998,2,4,998,3,5,998,998,998,6,998,998,998,998,998,998,998,1,998,7
1001629193,998,2,998,998,7,998,998,998,998,1,998,998,3,8,5,998,998,4,998,6
1001636489,998,998,4,7,998,3,998,998,8,9,5,998,10,998,1,998,998,2,998,6
1001636401,998,2,3,998,10,998,998,998,998,5,9,998,6,998,4,998,7,1,998,8
1001630289,998,2,9,998,6,998,998,998,10,3,8,998,5,998,4,998,7,1,998,998
1001628725,998,8,998,5,998,998,9,998,998,7,998,998,998,4,3,6,2,1,998,10
1001637299,998,998,998,998,998,998,998,998,998,998,998,998,998,998,1,998,998,2,998,998
1001636839,998,3,2,6,998,998,998,998,8,5,4,998,998,998,1,10,998,9,998,7
1001637001,998,6,7,998,3,2,998,998,998,5,8,998,1,998,998,998,998,4,998,998
1001637283,998,998,998,998,1,998,998,998,998,998,998,998,2,998,998,998,998,998,998,998
1001630321,998,998,10,998,5,1,998,998,998,3,4,998,7,998,6,998,8,2,998,9
1001636705,998,6,5,998,2,4,998,998,998,3,8,998,7,998,998,998,9,1,998,10
1001624377,998,9,2,998,4,5,6,998,998,3,10,998,8,998,7,998,998,1,998,998
1001629607,998,5,998,998,1,4,998,998,998,998,998,998,3,998,2,998,998,998,998,998
1001636945,998,1,6,998,2,998,998,998,998,5,998,998,7,998,4,998,998,3,998,998
1001573353,998,2,6,998,4,5,998,998,998,10,998,998,3,998,7,998,998,1,998,8
1001637523,9,998,998,8,998,998,5,998,2,998,10,998,998,998,1,998,7,4,6,3
474290318,998,2,998,998,998,998,998,998,998,998,998,998,998,998,3,998,998,1,998,998
1001637351,998,998,998,998,998,4,6,998,2,998,998,9,998,998,1,5,10,7,3,8
1001637757,998,10,4,998,7,3,998,998,998,2,6,998,5,8,998,998,998,1,998,9
1001628161,998,998,3,998,4,6,998,998,998,1,7,998,5,8,9,998,10,2,998,998
1001548207,998,3,4,6,8,998,998,998,9,1,5,998,2,7,10,998,998,998,998,998
1001637479,998,4,998,998,3,998,998,998,998,5,6,998,998,998,2,998,998,1,998,998
1001573271,998,2,9,998,3,7,8,998,998,4,998,998,998,10,6,998,998,1,998,5
1001622137,998,1,998,998,998,3,998,998,998,5,998,998,4,998,998,998,998,2,998,998
1001637183,998,3,998,998,5,998,998,998,998,1,998,998,998,998,4,998,998,2,998,998
1001580943,998,998,4,998,1,2,998,998,998,3,998,998,6,998,998,998,998,5,998,998
1001636947,998,1,7,998,6,5,10,998,998,8,998,998,4,998,2,998,998,3,998,9
1001638063,998,998,4,998,1,9,998,998,8,2,7,998,6,998,5,998,998,3,998,10
1000172117,998,1,10,998,998,6,998,998,7,2,9,998,5,8,3,998,998,4,998,998
1001521463,998,4,9,998,10,8,998,998,998,2,1,998,5,998,998,998,6,3,998,7
1001637695,998,1,5,998,4,6,998,998,998,998,7,998,998,998,3,998,998,2,998,998
1001637865,998,4,8,10,2,998,998,998,998,3,5,998,7,998,6,998,998,1,998,9
1001637855,998,998,998,998,998,2,998,998,998,3,998,998,998,998,998,998,998,1,998,998
1001514807,998,998,998,998,9,3,10,998,5,4,6,998,8,998,1,998,2,7,998,998
1001638149,998,5,998,998,2,1,998,998,998,4,8,998,10,7,6,998,998,3,998,9
1001547441,998,2,7,998,5,8,998,998,6,4,998,998,9,998,3,998,998,1,998,10
1001637985,998,998,5,4,2,6,998,998,998,3,998,998,1,998,998,998,998,998,998,998
1001511123,998,1,998,998,4,998,998,998,998,998,3,998,998,998,998,998,998,2,998,998
1001511847,998,2,998,998,998,998,998,998,998,3,998,998,998,998,1,998,998,998,998,998
1001638623,998,998,998,998,998,998,998,998,998,998,998,998,998,998,998,998,998,998,998,998
1001638939,998,2,4,998,5,7,8,998,998,3,998,998,998,998,998,998,998,1,998,6
1001639151,998,998,998,998,6,998,8,998,4,998,9,998,5,998,1,998,7,2,998,3
1001639733,998,998,8,2,9,5,998,998,998,998,6,998,998,1,998,998,10,3,4,7
1001575013,998,1,6,998,7,8,998,998,998,4,9,998,3,998,5,998,998,2,998,10
1001474817,7,1,8,998,3,5,998,998,998,6,998,998,4,998,998,998,998,2,998,998
1001473423,998,4,3,998,8,5,998,998,998,1,6,998,10,998,9,998,998,2,998,7
1001630177,998,3,5,998,998,10,6,998,9,4,7,998,8,998,1,998,998,2,998,998
1001638705,998,4,998,998,998,998,998,998,998,5,998,998,998,998,1,998,998,2,3,998
1001587071,998,3,4,998,6,5,998,998,998,1,7,998,998,998,998,998,998,2,998,998
1001639655,998,1,998,998,998,998,998,998,998,998,998,998,998,998,2,998,998,3,998,998
1001639355,10,998,9,998,7,4,998,998,998,3,5,998,6,998,1,998,998,2,998,8
1001638485,9,3,6,998,5,7,998,998,998,2,10,998,8,998,4,998,998,1,998,998
1001639701,9,4,998,998,998,998,3,998,998,998,998,8,998,5,2,7,10,1,998,6
1001580129,998,1,10,998,9,6,998,998,998,3,998,998,8,998,5,998,4,2,998,7
1001639173,5,1,6,4,998,10,998,998,998,2,9,998,3,7,998,998,998,998,998,8
1001639539,998,998,998,998,3,998,998,998,998,998,998,998,998,998,1,998,998,2,998,998
1001638503,6,1,5,998,7,9,998,998,998,2,8,998,4,10,998,998,998,3,998,998
1001639727,998,998,10,998,5,8,9,998,998,998,1,3,998,998,4,7,2,6,998,998
1001639373,998,2,7,998,8,6,998,998,998,3,4,998,5,998,998,998,998,1,998,998
1001645789,998,2,998,998,998,998,998,998,998,1,998,998,998,998,998,998,998,998,998,998
1001639323,998,8,5,998,3,998,998,998,998,2,998,998,6,998,4,998,9,1,998,7
1001630473,10,4,8,998,7,2,998,998,1,6,5,998,998,998,998,998,998,3,998,9
1001640201,998,2,998,7,4,998,998,998,998,3,9,998,6,998,5,998,8,1,998,10
1001645809,998,3,9,998,7,2,998,998,998,5,998,998,4,998,8,998,998,1,998,6
1001646399,998,998,998,2,998,998,998,998,998,1,998,998,998,998,998,998,998,998,998,998
1001646071,9,5,6,998,3,8,998,998,998,2,998,998,7,998,4,998,998,1,998,10
1001639085,998,1,6,998,2,998,998,998,998,998,5,998,998,998,4,998,998,3,998,7
1001646449,998,998,10,998,6,998,998,998,7,3,9,998,998,5,998,998,4,8,2,1
1001645927,998,3,8,998,7,10,998,998,998,2,9,998,6,998,5,998,998,1,998,4
1000826005,998,8,6,998,2,4,998,998,998,1,998,998,998,998,7,998,998,3,998,5
1000764129,10,5,2,8,998,998,998,9,998,3,1,998,998,998,7,998,998,4,998,6
1001646295,4,1,998,998,998,998,998,3,998,998,998,998,2,998,998,998,998,998,998,998
1001408143,998,998,998,998,1,998,998,998,998,3,998,998,6,998,2,998,4,5,998,998
1001645987,998,2,998,998,998,6,998,998,998,998,998,998,5,998,3,998,998,1,998,4
1001475233,9,2,7,1,4,8,998,998,998,998,5,998,6,998,998,998,998,3,998,10
1001639375,998,998,4,998,5,3,998,998,998,2,7,998,8,998,998,998,998,1,998,6
1001646623,998,2,998,998,1,998,998,998,998,3,998,998,998,998,998,998,998,4,998,998
1001639111,998,998,8,4,2,998,998,998,3,7,998,998,998,998,5,998,998,1,998,6
1001646507,998,8,7,998,1,4,6,998,998,5,10,998,2,998,998,998,998,3,998,9
1001646653,998,4,998,998,998,5,998,998,998,3,998,998,6,998,2,998,998,1,998,998
1001469431,998,998,998,998,998,998,1,998,998,998,998,998,998,998,998,998,998,998,998,998
1001646589,998,2,998,998,998,3,998,998,998,998,998,998,998,998,1,998,998,998,998,998
1001638489,998,10,998,1,998,8,3,998,2,6,7,998,9,998,998,5,998,998,4,998
1001556743,998,1,998,998,2,998,998,998,998,998,998,998,4,998,998,998,5,3,998,998
1001647335,998,2,5,998,8,6,998,10,998,9,998,998,998,998,1,7,998,4,3,998
1001460329,998,3,6,10,1,7,998,998,998,4,9,998,998,998,5,998,8,2,998,998
1001646667,998,10,8,998,7,998,998,998,3,4,998,998,9,998,2,998,998,1,6,5
1001647177,8,5,4,998,9,998,998,7,998,3,2,998,1,998,10,998,998,6,998,998
1001459971,998,2,3,998,4,998,998,998,998,6,998,998,5,998,998,998,998,1,998,998
1001646575,998,1,9,4,5,7,998,998,998,6,8,998,3,998,998,998,998,2,998,10
1001645933,998,998,998,998,1,998,998,998,998,2,998,998,998,998,998,998,998,998,998,998
1001646467,10,7,5,998,2,6,998,998,998,4,9,998,8,998,3,998,998,1,998,998
1001646709,998,3,998,998,6,4,998,998,998,2,5,998,7,998,998,998,998,1,998,998
1001594917,998,1,998,998,998,998,998,998,998,998,998,998,998,998,998,998,998,998,998,998
1001646957,998,1,998,998,998,998,998,998,998,998,998,998,998,998,2,998,998,998,998,998
1001648047,998,998,998,998,998,998,998,998,998,1,4,998,998,998,3,998,998,2,998,998
1001469423,998,1,5,998,998,998,998,998,998,4,998,998,998,998,2,998,998,3,998,998
1001647697,998,2,998,5,6,3,998,998,998,4,998,998,1,998,998,9,998,7,8,10
1001647123,998,3,7,998,5,6,998,998,998,1,8,998,4,998,998,998,998,2,998,9
1001646221,998,998,6,998,998,4,998,998,998,7,3,998,998,998,1,998,998,2,998,5
1001647825,998,1,8,998,2,998,998,10,998,7,998,998,9,4,6,998,998,5,998,3
1001587297,998,1,10,998,9,8,998,998,998,4,998,998,5,6,2,998,998,3,998,7
1001652799,8,998,6,7,998,998,998,4,3,998,1,9,10,998,998,5,2,998,998,998
1001653369,998,1,3,998,998,998,998,998,998,2,998,998,998,998,5,998,998,4,998,998
1001627189,2,3,7,998,5,10,998,4,998,998,1,998,998,6,998,998,998,8,998,9
1001647681,998,8,2,998,1,10,998,998,5,6,998,998,7,998,9,998,998,4,998,3
1000996507,998,8,10,998,4,6,7,998,998,3,998,998,9,998,2,998,5,1,998,998
1001648021,998,998,2,998,1,998,998,998,998,4,998,998,3,998,6,998,998,5,998,998
1001647609,998,2,1,998,4,998,998,998,8,5,998,998,6,998,3,998,998,7,998,998
1001650327,998,1,998,998,998,998,998,998,998,998,998,998,998,998,2,998,998,998,998,998
1001653763,2,998,998,7,4,6,9,998,5,998,998,10,998,1,8,998,3,998,998,998
1001653453,1,998,7,2,6,9,5,998,4,998,10,3,998,998,998,998,998,8,998,998
1001647357,998,4,5,998,2,8,9,998,998,7,10,998,1,998,6,998,998,3,998,998
1001653699,998,998,4,998,998,2,998,998,998,3,998,998,5,998,998,998,998,1,998,998
1001653755,998,998,998,998,998,998,998,998,998,998,998,998,998,998,1,998,998,2,998,998
1001653941,998,4,998,998,998,998,998,998,998,998,998,998,998,998,1,998,998,2,998,3
1001653793,7,1,998,2,6,10,998,998,998,998,5,998,8,4,998,998,998,3,998,9
1001654001,6,998,998,998,1,10,998,998,998,4,5,9,998,3,998,2,998,998,7,8
1001654261,998,3,4,998,5,9,998,998,998,2,998,998,8,6,10,998,998,1,998,7
1001588657,998,4,998,998,3,998,998,998,998,2,5,998,998,998,998,998,998,1,998,998
1001562409,998,1,7,998,4,8,998,998,998,2,998,998,5,998,6,998,998,3,998,998
1001212629,998,2,5,10,998,998,998,4,998,998,7,998,998,6,1,998,9,3,8,998
1000846143,998,1,6,998,998,998,998,998,998,4,998,998,998,998,2,7,998,3,5,998
1001653867,998,4,5,998,1,998,998,998,998,3,998,998,6,998,998,998,998,2,998,998
1001644403,998,1,2,9,998,998,998,8,6,3,10,998,998,5,4,998,998,7,998,998
1001572267,6,3,7,998,998,998,8,1,998,998,4,998,9,2,5,998,998,10,998,998
1001653937,998,6,2,998,9,998,8,998,998,4,5,998,7,998,3,998,998,1,10,998
1001653693,998,1,998,998,998,998,998,998,998,998,998,998,998,998,998,998,998,998,998,998
1001542053,998,1,6,998,10,5,998,998,8,998,998,998,2,998,3,998,7,9,998,4
1001653337,8,6,10,998,3,4,998,998,998,5,9,998,998,998,2,998,998,1,998,7
1001597685,998,1,9,998,6,5,8,998,998,4,10,998,7,998,3,998,998,2,998,998
1000811861,998,8,1,998,3,4,998,998,998,5,9,998,2,10,6,998,998,7,998,998
1001654069,998,6,2,5,4,8,1,998,7,998,9,998,998,998,10,998,998,3,998,998
1001653883,998,998,5,998,4,6,998,998,998,3,998,998,998,998,2,998,998,1,998,998
1001654335,998,1,9,998,6,8,998,998,998,7,5,998,998,998,4,998,2,3,998,998
1001605535,998,5,3,998,2,4,998,998,998,1,998,998,998,998,998,998,998,6,998,998
1001654333,998,2,8,998,4,6,998,998,998,3,7,998,998,998,5,998,998,1,998,998
1001654443,10,2,998,6,1,998,3,998,998,4,998,9,998,998,998,7,998,5,8,998
1001654841,998,1,6,998,5,8,998,998,9,4,998,998,7,998,3,998,10,2,998,998
1001654795,998,6,5,998,3,9,998,998,998,2,8,998,4,10,7,998,998,1,998,998
1001654511,998,7,3,998,8,5,998,998,998,2,6,998,9,998,4,998,998,1,998,10
1001646769,998,4,998,998,2,998,998,998,998,3,998,998,998,998,998,998,998,1,998,5
1001654953,998,8,5,6,7,998,998,998,998,9,3,998,1,998,10,998,998,2,998,4
1001504553,998,998,5,998,3,6,998,998,998,2,7,998,4,998,998,998,998,1,998,8
1001654899,998,998,4,10,5,2,998,998,998,3,9,998,6,8,998,998,998,1,998,7
1001653483,998,6,2,998,4,9,998,998,998,1,7,998,10,998,5,998,8,3,998,998
1001547877,5,3,6,998,4,998,998,998,10,1,9,998,8,998,7,998,998,2,998,998
1001654779,998,4,7,998,2,10,998,998,998,3,8,998,5,998,998,998,6,1,998,9
1001655309,998,1,998,998,998,998,998,998,998,998,998,998,998,998,3,998,998,2,998,998
1001655141,998,2,5,998,1,7,998,998,998,4,10,998,6,9,8,998,998,3,998,998
1001654555,998,6,3,998,4,9,998,998,998,1,10,998,5,998,7,998,8,2,998,998
1001655239,998,2,5,998,4,6,10,998,998,3,7,998,9,998,8,998,998,1,998,998
1001587009,998,3,1,998,998,998,7,998,998,2,998,998,998,998,4,998,998,5,6,8
1001655523,998,4,7,998,3,8,998,998,6,10,998,998,5,998,1,998,998,2,998,9
1001654855,4,1,998,5,998,998,10,998,3,9,6,7,998,998,998,998,2,8,998,998
1001612855,9,3,998,998,8,998,998,998,7,6,5,998,998,998,2,4,998,1,998,10
1001654717,9,10,5,998,7,8,998,998,6,4,998,998,998,998,3,998,998,1,998,2
1001539371,998,2,998,998,998,998,998,998,998,998,998,998,998,998,1,998,998,3,998,998
1001449095,998,4,998,998,3,998,998,998,998,998,998,998,998,998,2,998,998,1,998,998
1001603053,998,998,998,998,998,998,998,998,998,998,998,998,998,998,998,998,998,998,998,998
1001655505,10,9,5,998,8,3,998,998,998,1,4,998,7,998,998,998,998,2,998,6
1001650011,998,4,998,998,2,6,998,998,998,1,998,998,3,998,998,998,998,5,998,998
1001655795,998,3,998,998,4,998,998,998,998,5,6,998,998,998,2,998,998,1,998,998
1001539191,998,2,9,4,998,7,10,5,998,998,998,998,1,3,998,6,998,8,998,998
1001620389,2,5,4,998,1,8,998,998,998,6,998,998,3,998,7,998,998,998,998,998
1001655251,998,998,998,998,998,998,998,998,998,998,998,998,998,998,998,998,998,998,998,998
1001260841,998,9,3,998,998,998,998,1,998,998,7,5,4,6,998,8,998,998,10,2
1001655679,998,5,3,998,2,6,998,998,7,4,8,998,9,998,998,998,998,1,998,10
1001121333,10,1,998,998,998,3,998,4,998,5,998,998,998,9,8,998,6,7,2,998
1001564473,8,1,9,998,7,3,998,998,998,5,998,998,998,10,6,998,998,4,998,2
1001655205,998,1,5,998,7,6,998,998,9,4,998,998,8,998,2,998,998,3,998,10
1001512723,998,3,998,998,5,998,998,998,998,1,998,998,998,998,998,998,998,2,998,4
1001655071,998,5,8,998,4,2,10,998,998,3,6,998,9,998,7,998,998,1,998,998
1001635589,998,6,7,998,1,9,998,998,998,2,998,998,4,10,5,998,998,8,998,3
1001655773,998,2,5,998,6,7,998,998,10,1,4,998,9,998,8,998,998,3,998,998
1001602711,998,998,998,998,998,998,998,998,998,3,998,998,998,998,2,998,998,1,998,998
1001661955,5,6,998,9,998,4,998,2,998,10,3,998,998,998,1,998,998,998,8,7
1001655891,998,7,6,998,5,9,10,998,8,4,2,998,3,998,998,998,998,1,998,998
1001655815,5,1,2,10,998,7,4,998,998,998,998,998,998,8,998,998,6,3,9,998
1001547201,998,3,998,998,998,998,998,998,998,4,998,998,998,998,2,998,998,1,998,998
1001661935,998,1,998,998,998,998,998,998,998,998,998,998,998,998,2,998,998,3,998,998
1001564401,998,3,9,998,998,8,998,998,5,2,4,998,7,998,6,998,998,1,10,998
1000904797,998,2,998,998,998,998,998,998,998,4,998,998,5,998,3,998,998,1,998,998
1001656101,998,3,5,998,998,998,998,998,998,2,998,998,4,998,998,998,998,1,998,998
1001512701,998,6,5,998,2,4,998,998,998,7,8,998,998,998,10,998,9,1,998,3
1001655633,998,1,4,998,6,10,998,998,998,7,8,998,3,998,5,998,998,2,998,9
1001660839,998,4,6,998,998,998,998,9,8,1,998,998,7,998,3,998,998,2,5,10
1001001267,10,1,998,998,4,5,998,998,998,3,8,998,7,9,998,998,998,2,998,6
1001648329,998,998,998,998,998,998,998,998,998,998,998,998,998,998,1,998,998,998,998,998
1001602553,998,4,8,998,7,5,998,998,998,2,3,998,6,998,998,998,998,1,998,998
1001661571,998,4,7,998,3,998,8,998,998,10,6,998,5,998,1,998,998,2,998,9
1001624599,998,998,998,998,998,4,998,998,998,3,1,998,5,998,998,998,998,2,998,998
1000534333,998,2,6,998,4,7,998,998,998,5,3,998,9,8,10,998,998,1,998,998
1001547721,10,3,2,998,7,998,998,9,998,6,5,998,8,998,4,998,998,1,998,998
1001655791,7,998,10,4,998,1,5,9,3,998,998,2,998,6,998,998,998,998,8,998
1001662235,998,998,998,998,998,3,998,998,998,998,998,998,998,998,2,998,998,1,998,4
1001661373,998,1,998,998,998,998,998,998,998,998,998,998,998,998,998,998,998,998,998,998
1001661951,998,5,8,998,4,9,10,998,998,6,7,998,998,998,1,998,2,3,998,998
1001661993,998,998,998,998,998,998,998,998,4,998,998,998,998,998,1,998,998,2,998,3
1001626491,998,2,9,998,3,10,998,998,998,8,998,998,5,998,6,998,7,1,998,4
1001662309,998,4,6,998,5,998,998,998,998,1,998,998,998,998,3,998,998,2,998,998
1001661881,3,1,998,998,6,998,998,8,10,7,9,998,4,998,998,998,998,2,998,5
1001661997,998,998,998,998,10,6,7,998,2,998,8,998,9,998,1,998,998,4,3,5
1001662471,998,4,3,998,1,6,998,998,998,2,7,998,8,998,998,998,998,5,998,998
1001656047,998,6,998,998,5,7,998,998,998,3,998,998,4,998,2,998,998,1,998,8
1001662689,998,5,6,998,2,7,998,10,998,4,8,998,1,9,998,998,998,3,998,998
1001559501,998,8,1,9,10,998,998,998,3,4,998,998,998,2,5,998,7,998,998,6
1001662097,7,2,998,998,6,998,998,998,8,998,10,998,5,9,1,998,998,3,998,4
1001661423,998,9,7,998,3,8,998,998,998,1,5,998,6,998,10,998,998,2,4,998
1001661789,998,998,998,998,998,998,998,998,2,998,998,998,998,998,1,998,998,998,998,998
1001662067,998,1,998,998,6,998,998,998,3,4,998,998,998,998,998,998,998,2,5,7
1001663091,998,998,998,998,998,998,998,998,998,998,998,998,998,998,2,998,998,1,998,998
1001579769,998,4,2,998,6,7,998,998,998,1,998,998,5,998,8,998,998,3,9,998
1001662999,998,5,6,998,3,998,998,998,998,4,998,998,7,998,2,998,998,1,998,998
1001662791,998,998,998,998,998,998,998,998,998,4,998,998,3,998,1,998,998,2,998,998
1001663041,998,3,998,998,2,1,998,10,998,7,5,998,6,998,4,9,998,8,998,998
1001663307,998,998,998,998,1,998,998,998,998,3,998,998,998,998,4,998,998,2,998,998
1001662735,998,1,998,998,998,998,998,998,998,998,998,998,998,998,998,998,998,2,998,998
1001663207,998,2,10,6,998,998,998,998,998,5,9,998,998,7,3,998,8,1,4,998
1001663071,8,1,998,10,998,6,4,3,998,998,998,998,998,998,2,998,5,7,9,998
1001663057,10,2,6,998,1,7,998,998,998,3,998,998,998,998,5,998,8,4,998,9
1001663521,998,6,998,998,9,7,4,998,998,998,998,998,3,10,2,998,998,1,8,5
1001662341,998,5,998,998,8,7,998,998,6,3,10,998,4,998,2,998,998,1,998,9
1001662683,998,1,998,998,4,998,998,998,998,5,998,998,998,998,998,998,998,3,998,2
1001595535,3,1,9,998,4,7,998,998,998,6,5,998,998,998,8,998,998,2,998,10
1001572571,998,4,6,998,1,5,998,998,998,2,9,998,7,998,8,998,998,3,998,10
1001663649,5,1,7,998,4,9,998,3,998,998,998,6,10,2,998,998,998,998,8,998
1001663775,998,5,3,998,4,998,998,998,998,2,998,998,998,998,998,998,998,1,998,998
1001663709,998,1,998,998,3,5,998,998,998,998,998,998,4,998,998,998,998,2,998,998
1001663033,998,8,6,998,2,4,998,998,998,3,998,998,5,998,7,998,998,1,998,998
1001617641,998,2,6,998,5,998,998,998,998,4,998,998,998,998,3,998,998,1,998,7
1001663565,998,1,998,998,998,3,9,998,998,8,5,10,998,998,2,998,998,6,7,4
1001662607,998,4,5,998,3,10,9,998,998,998,998,998,8,998,1,998,998,2,6,7
1001663645,998,2,8,998,3,9,998,998,998,6,7,998,4,998,998,998,10,1,998,5
1001399251,998,1,998,998,4,5,998,998,998,10,6,998,2,998,7,998,8,3,9,998
1001662677,998,4,6,998,7,5,998,998,998,2,3,998,8,998,998,998,10,1,998,9
1001664019,998,10,3,998,7,998,998,998,2,4,9,998,6,998,5,998,998,1,8,998
1001649797,998,1,2,998,4,998,998,998,998,6,998,998,3,998,998,998,998,5,998,998
1001663385,998,9,4,998,2,5,998,998,998,3,8,998,6,998,10,998,998,1,998,7
1001587547,998,3,5,998,998,4,998,998,998,2,998,998,998,998,998,998,998,1,998,998
1001663333,998,1,998,9,998,6,5,998,8,4,7,998,10,998,3,998,998,2,998,998
1001664061,998,998,998,998,998,998,998,998,4,2,3,998,998,998,998,998,998,1,998,998
1001669307,998,7,6,998,5,8,998,998,998,3,998,998,4,998,1,998,10,2,998,9
1001669739,10,998,8,998,5,998,998,6,4,998,998,998,998,3,998,2,998,7,1,9
1001564613,998,3,998,998,1,998,998,998,5,998,998,998,6,998,4,998,998,2,998,998
474767632,998,998,998,998,998,998,998,998,998,998,998,998,998,998,998,998,998,1,998,998
1001669789,998,3,8,998,998,6,998,998,998,7,5,998,998,2,9,10,998,1,998,4
1001670163,8,998,998,5,998,998,998,10,998,2,3,7,998,4,1,6,9,998,998,998
1001421745,998,1,8,998,3,7,998,998,998,2,4,998,5,998,998,998,998,9,998,6
1001512981,998,4,7,998,3,9,998,998,998,6,5,998,8,998,2,998,998,1,998,10
1001669775,998,998,2,998,998,998,998,998,998,3,998,998,998,998,998,998,998,1,998,998
1001142415,998,5,998,998,3,998,998,998,998,4,998,998,998,998,2,998,998,1,998,998
1001669839,998,1,998,998,998,998,998,998,998,3,2,998,998,998,998,998,998,998,998,998
1001602087,998,1,998,998,998,998,998,998,998,998,998,998,998,998,998,998,998,998,998,998
1001669825,998,5,4,998,998,6,998,998,998,3,998,998,998,998,1,998,998,2,998,998
1001669849,998,4,998,998,2,998,998,998,998,998,998,998,998,998,3,998,998,1,998,998
1001595313,998,1,998,998,998,998,998,998,998,998,998,998,998,998,2,998,998,998,998,998
1001670019,7,2,998,998,998,8,998,9,998,10,998,998,998,5,3,998,998,1,6,4
1001670391,8,1,5,4,998,998,7,998,998,998,998,10,998,998,2,6,998,3,9,998
1001669931,998,1,998,998,998,998,998,998,998,2,998,998,6,998,3,998,998,4,5,998
1001619869,998,5,8,998,6,9,998,998,998,1,3,998,7,10,2,998,998,4,998,998
1001670153,998,998,7,998,4,6,8,998,998,10,998,998,5,998,2,998,998,1,9,3
1001663897,998,998,5,998,998,3,998,6,998,1,998,998,4,998,998,998,998,2,998,998
1001582857,998,4,998,998,3,998,998,998,998,1,998,998,998,998,998,998,998,2,998,998
1001670125,998,3,998,998,4,998,998,998,998,2,998,998,6,998,5,998,998,1,998,998
1001669511,998,1,5,998,8,7,998,998,998,3,998,998,9,10,2,998,4,6,998,998
1001670517,10,5,1,998,6,9,998,998,998,3,998,998,8,998,2,998,998,4,998,7
1001587041,998,1,998,2,8,998,998,10,6,9,5,998,998,7,998,998,3,998,998,4
1001501329,998,3,998,998,2,5,998,998,998,998,998,998,1,998,4,998,998,998,998,998
1001620001,998,1,998,998,998,998,998,998,998,4,998,998,998,998,2,998,998,3,998,998
1001670275,998,2,9,998,3,8,998,998,10,4,998,998,7,998,1,998,998,5,998,6
1001663799,998,1,8,998,4,3,10,998,998,2,7,998,9,998,5,998,998,998,998,6
1001530163,998,1,7,998,4,10,998,998,998,2,5,998,998,8,6,998,998,3,998,9
1001669215,998,10,4,998,6,8,998,998,7,3,9,998,5,998,2,998,998,1,998,998
1001670519,998,998,4,998,998,3,998,998,998,998,998,998,998,998,2,998,998,1,998,5
1001670593,998,998,2,998,998,998,998,998,998,3,998,998,998,998,998,998,998,1,998,998
1001635547,3,1,9,998,6,998,998,2,4,998,998,998,7,998,998,998,5,10,998,8
1001669831,8,1,998,9,4,3,998,998,998,6,998,998,10,998,5,998,998,2,998,7
1001474563,998,1,7,998,3,5,998,998,998,8,998,998,9,998,4,998,998,2,998,6
1001670753,998,1,998,998,998,998,998,998,998,998,998,998,998,998,998,998,998,998,998,998
1001501259,998,3,4,998,8,998,998,998,998,5,6,998,7,998,2,998,9,1,998,10
1001670735,998,998,3,998,998,998,998,998,998,1,998,998,998,998,4,998,998,2,998,998
1001670571,998,2,998,998,998,998,998,998,998,3,998,998,998,998,998,998,998,1,998,998
1001679647,4,998,7,998,998,8,998,998,998,998,3,998,6,5,998,998,1,9,2,10
1000955131,998,1,998,998,2,998,998,998,998,998,998,998,998,998,3,998,998,998,998,998
474427481,998,3,998,998,1,998,998,998,998,4,5,998,998,998,6,998,998,2,998,998
1001670013,998,998,2,998,4,998,998,998,998,998,998,998,5,998,3,998,998,1,998,998
1001679545,998,1,998,998,5,998,998,998,998,998,998,998,4,998,3,998,998,2,998,998
1001670835,998,5,9,998,4,6,998,998,10,2,7,998,998,998,3,998,998,1,998,8
1001547573,10,1,6,998,998,998,998,998,5,4,998,998,9,8,2,998,998,3,7,998
1001163585,998,1,10,998,5,998,998,4,998,998,7,998,998,6,3,9,8,2,998,998
1001679561,998,6,4,998,998,2,998,998,998,5,7,998,3,998,998,998,998,1,998,998
1001679239,7,10,998,8,6,998,998,998,9,4,998,998,998,998,3,998,998,2,5,1
1001414683,998,1,998,998,998,998,998,998,998,998,998,998,998,998,998,998,998,2,998,998
1001630319,998,998,998,998,4,998,998,998,998,3,998,998,998,998,1,998,998,2,998,998
1001231145,998,998,7,998,998,998,998,998,3,998,4,998,6,998,1,998,998,2,998,998
1001679711,998,2,6,998,5,8,998,998,998,3,998,998,7,998,4,998,998,1,998,998
1000501795,998,1,5,998,6,998,998,7,998,2,998,998,8,998,4,998,9,3,998,10
1001684961,998,3,998,998,998,998,998,9,998,998,8,5,4,998,6,10,7,2,1,998
1001685213,10,998,998,998,998,8,998,6,9,3,5,7,998,998,4,998,998,2,998,1
1001670713,4,998,998,7,998,3,998,9,5,8,998,6,998,998,998,998,2,1,998,998
1001679629,998,6,998,998,998,998,5,998,998,998,998,998,4,998,2,998,998,1,998,3
1001670553,998,998,998,998,998,998,998,998,998,998,998,998,998,998,1,998,998,2,998,3
1001685295,998,1,998,998,4,9,998,10,998,6,998,998,5,998,3,998,8,2,998,7
1001685125,998,3,2,998,1,998,998,998,998,998,6,998,5,998,998,7,4,998,998,998
1001685059,998,1,9,998,10,998,998,8,998,5,998,998,4,7,2,998,998,3,998,6
1001685085,998,998,5,998,1,4,998,998,998,3,998,998,7,998,8,998,998,2,998,6
1001559565,998,1,4,998,998,998,9,10,998,5,6,998,8,998,3,998,7,2,998,998
1001685177,7,1,4,998,998,8,998,5,998,998,998,10,9,6,2,998,998,3,998,998
1001640567,998,998,7,998,3,6,998,998,998,4,998,998,8,998,2,998,998,1,998,5
1001548713,998,1,998,998,998,998,3,998,998,998,998,998,998,998,998,998,998,998,998,2
1001669953,9,3,7,10,6,5,998,998,998,2,8,998,4,998,998,998,998,1,998,998
1001685565,998,1,5,998,7,8,998,998,998,2,9,998,6,998,3,998,998,4,10,998
1001626451,998,5,2,998,998,998,8,7,6,9,1,998,998,998,3,998,998,4,10,998
1001686045,998,998,998,998,4,998,998,998,998,3,998,998,998,998,2,998,998,1,998,998
1001685851,998,1,998,2,998,9,7,998,5,998,4,998,10,998,3,998,998,6,998,8
1001685705,998,3,10,998,4,998,998,998,8,7,9,998,5,998,1,6,998,2,998,998
1001684845,998,998,998,998,998,998,998,998,998,998,998,998,998,998,998,998,998,1,998,998
1001684979,998,3,998,998,998,998,2,998,998,4,998,998,5,998,1,998,998,6,998,998
1001685991,998,5,6,998,4,9,998,998,998,3,10,998,8,998,2,998,998,1,998,7
1001641893,998,1,4,998,998,998,5,8,998,998,998,998,6,998,3,998,7,2,10,9
1001685425,998,8,6,998,7,5,998,998,998,2,9,998,10,998,4,998,998,1,998,3
1001685959,10,998,5,6,4,9,998,998,998,2,7,998,8,998,3,998,998,1,998,998
1001686049,998,998,998,998,998,998,998,2,998,998,998,998,998,3,1,998,998,4,998,998
1001686609,5,998,8,998,9,998,998,1,998,998,4,998,6,998,10,2,998,7,3,998
1001686359,6,998,8,998,4,5,998,998,998,998,10,9,7,998,1,998,998,3,2,998
1001685147,998,9,1,998,4,998,998,998,998,2,5,998,3,10,6,998,998,7,998,8
1001609995,998,998,998,998,998,2,998,998,998,998,998,3,1,998,998,998,4,998,998,998
1001686085,9,998,7,998,10,8,998,998,6,4,998,998,998,998,3,998,5,1,998,2
1001686383,998,998,998,998,998,998,998,3,998,998,998,998,998,998,1,998,998,998,998,2
1001685861,2,3,8,7,998,998,998,9,998,4,998,998,998,998,1,998,998,6,5,10
1001635185,998,998,9,998,3,4,998,998,8,5,998,998,6,998,2,998,998,1,10,7
1001242225,8,1,6,998,3,7,998,998,998,9,5,998,4,998,10,998,998,2,998,998
1001685749,4,6,5,3,10,2,998,998,998,998,998,998,9,7,998,1,998,8,998,998
1001686863,998,1,998,998,998,998,998,998,998,998,998,998,3,998,998,998,998,2,998,998
1001528971,998,998,4,998,6,998,8,998,2,3,998,998,10,998,9,998,7,1,998,5
1001686637,998,3,998,998,1,998,998,998,998,2,998,998,4,998,998,998,998,5,998,998
1001679381,998,1,4,998,7,5,998,998,998,2,8,998,6,998,10,998,998,3,998,9
1001686831,998,8,3,998,4,6,9,998,998,2,998,998,5,10,7,998,998,1,998,998
1001687021,998,998,1,998,998,998,998,998,998,998,998,998,998,998,998,998,998,998,998,998
1001685543,998,3,5,998,7,8,998,998,9,1,10,998,6,998,4,998,998,2,998,998
1001610267,998,7,998,998,4,6,998,998,998,998,998,998,998,998,5,998,3,1,998,2
1001572741,998,4,7,998,1,998,998,998,998,2,998,998,5,998,8,998,3,6,998,998
1001521745,998,7,3,998,6,5,998,998,998,4,998,998,998,998,1,998,998,2,998,998
1001685107,998,8,6,998,5,7,10,998,998,2,9,998,3,998,4,998,998,1,998,998
1001575615,998,998,998,998,998,998,998,998,998,998,998,998,998,998,1,998,998,2,998,998
1001692987,5,998,1,4,998,998,998,998,998,998,2,6,998,8,998,7,998,3,10,9
1001429221,5,1,4,6,998,3,998,7,998,2,998,998,10,8,998,9,998,998,998,998
1001635049,3,4,8,10,1,998,998,998,998,998,2,998,6,9,998,998,998,998,7,5
1001635305,998,5,998,998,998,998,998,998,998,1,3,998,2,998,998,998,998,4,998,998
1001692595,998,8,9,998,4,5,998,998,7,10,998,998,6,998,2,998,998,1,998,3
1001693187,998,998,4,998,1,998,998,998,998,3,998,998,998,998,998,998,998,2,998,998
1001692993,998,998,998,998,998,998,998,998,998,3,998,998,998,998,1,998,998,2,998,998
1001530313,998,4,2,998,998,998,998,998,998,998,998,998,998,998,1,998,998,3,998,998
1001693691,998,998,998,8,998,3,998,998,998,998,5,2,7,4,998,9,6,998,1,10
1001694151,9,6,10,998,998,2,8,7,4,1,998,998,998,998,5,998,3,998,998,998
1001693985,998,998,998,998,998,998,998,998,2,998,998,998,998,998,1,998,998,3,998,998
1001693907,998,5,998,998,1,998,998,998,998,2,4,998,3,998,998,998,998,998,998,998
1001694539,10,998,5,998,998,7,3,9,998,998,2,998,998,998,998,1,4,998,8,6
1001670471,998,5,4,998,6,8,10,998,998,1,998,998,9,998,3,998,998,2,998,7
1001694267,3,998,6,8,4,998,998,2,998,998,998,7,998,1,998,5,10,998,998,9
1001567527,998,1,5,998,6,4,8,998,998,3,9,998,7,998,10,998,998,2,998,998
1001694229,998,998,998,998,4,998,9,5,10,8,998,998,998,6,998,2,1,3,7,998
1001694473,998,1,4,998,3,998,998,998,8,5,9,998,7,998,6,10,998,2,998,998
1001699483,5,9,998,998,3,10,7,998,998,1,998,998,4,8,6,998,998,998,998,2
1001699443,998,998,998,998,998,998,998,998,998,998,998,2,998,998,998,998,998,1,998,998
1001428055,998,1,3,5,998,998,998,998,998,998,998,998,998,2,998,998,4,998,998,998
1001699669,998,5,998,998,998,998,7,1,10,3,998,998,9,998,6,2,8,4,998,998
1001696587,998,3,998,998,998,4,8,998,998,6,10,998,2,998,1,998,7,5,998,9
1001694929,998,7,8,998,5,998,998,998,6,3,9,998,4,998,1,998,998,2,998,998
1001437343,3,2,5,998,4,6,998,9,998,10,998,998,8,7,998,998,998,1,998,998
1001694869,998,2,998,998,998,998,3,998,998,998,998,998,998,998,1,998,998,4,998,998
1001701337,998,998,998,998,8,6,5,998,998,998,998,4,998,998,1,7,998,2,998,3
1001402091,998,1,5,998,998,998,998,998,998,4,998,998,998,998,998,998,3,2,998,998
1001701121,998,2,998,998,998,998,998,998,998,998,998,998,998,998,1,998,998,998,998,998
1001706091,998,998,998,998,998,998,998,998,998,2,998,998,1,998,998,998,998,998,998,998
1001705613,998,998,8,998,3,7,998,998,998,5,998,998,6,998,2,998,998,1,998,4
1001705799,998,1,8,998,3,10,4,998,998,7,6,998,5,998,2,998,998,9,998,998
1001706361,998,6,998,998,998,4,8,998,998,3,998,10,2,998,1,998,998,7,9,5
1001694841,998,1,5,998,6,9,7,998,998,4,998,998,8,998,2,10,998,3,998,998
1001420641,998,1,998,998,998,998,998,998,998,998,2,998,998,998,998,998,998,998,998,998
1001706731,998,10,4,998,3,5,998,998,998,9,6,998,8,998,2,998,998,1,998,7
1001707299,998,1,998,998,3,998,998,998,998,4,998,998,2,998,998,998,998,998,998,998
1001711501,4,998,998,10,998,998,6,998,998,1,998,998,2,998,3,998,9,5,7,8
1001711777,998,998,998,998,998,998,998,998,998,998,998,998,3,998,1,998,998,2,998,998
1001459535,998,1,998,998,5,998,998,998,998,4,998,998,7,998,2,998,6,3,998,998
1001711921,998,998,998,998,998,998,998,998,998,998,998,998,998,998,1,998,998,2,998,998
1001694849,998,1,6,3,9,4,998,998,998,998,998,998,998,8,2,998,7,10,998,5
1001686509,998,998,3,998,998,998,998,998,998,2,998,998,998,998,1,998,998,998,998,998
1001701209,998,998,998,998,998,6,998,998,5,998,998,998,3,998,1,998,998,2,998,4
1001717449,998,998,5,998,3,998,998,998,998,4,998,998,998,998,1,998,998,2,998,998
1001717233,8,3,5,9,6,7,998,998,998,2,4,998,10,998,998,998,998,1,998,998
1001718227,998,998,6,8,4,3,998,10,998,2,7,998,998,998,5,998,998,1,998,9
1001530615,998,1,998,998,998,998,998,998,998,998,998,998,998,998,2,998,998,998,998,998
1001722531,998,998,998,998,998,998,998,998,998,998,998,998,998,1,998,998,998,998,998,998
1001663403,998,5,7,998,998,9,998,8,10,3,998,998,6,998,2,998,998,4,998,1
1001722505,998,998,998,10,5,4,9,2,998,998,998,6,998,1,3,998,998,7,998,8
1001723663,998,2,998,998,4,998,998,998,6,998,998,998,5,998,1,998,998,3,998,998
1001724089,7,998,998,998,9,4,998,10,998,998,6,998,5,8,2,1,998,998,998,3
1001694511,998,998,998,998,998,998,998,998,998,2,998,998,998,998,998,998,1,3,998,998
1001723555,10,2,998,998,998,5,6,998,998,3,998,998,4,8,1,998,998,7,998,9
1001295895,998,3,4,998,7,8,998,998,998,1,5,998,998,998,6,998,998,2,998,998
1001724373,998,3,6,998,4,10,998,998,998,2,998,998,7,998,5,998,8,1,9,998
1001583193,998,1,6,998,998,998,8,998,998,7,998,998,3,9,2,998,5,4,10,998
1001660871,10,1,9,998,8,998,998,998,998,5,998,7,4,6,3,998,998,2,998,998
1001728527,998,1,998,998,2,8,998,998,6,5,998,998,3,998,10,998,4,7,998,9
1001729453,998,998,998,998,3,998,998,998,998,998,998,998,5,998,1,998,998,2,998,4
1001729527,6,3,998,4,998,998,998,5,9,2,998,998,7,10,1,998,998,8,998,998
1001728633,7,2,8,998,1,998,998,998,998,10,998,998,3,998,5,998,6,9,998,4
473821430,998,998,998,998,4,998,998,998,998,5,998,998,3,998,2,998,998,1,998,998
1001729175,998,5,1,998,998,998,998,998,998,2,998,998,998,998,4,998,998,3,998,998
1001733897,998,998,998,998,4,998,998,998,998,998,998,998,3,998,2,998,998,1,998,998
1001457111,8,9,5,998,1,7,998,998,998,2,6,998,4,998,10,998,998,3,998,998
1001149393,998,1,998,998,10,998,998,4,8,3,998,6,9,998,2,998,998,5,998,7
1001738509,998,5,998,998,998,4,8,9,998,1,998,998,6,7,2,998,998,3,998,10
1001738595,998,3,5,998,1,4,998,998,998,998,998,998,7,998,6,998,998,2,998,998
1001529679,998,6,7,998,3,8,998,998,998,2,10,998,4,998,5,998,998,1,998,9
1001605237,998,1,9,998,998,998,998,998,6,4,10,998,998,998,2,998,8,3,5,7
1001744099,998,6,4,998,998,5,998,998,998,2,3,998,998,998,998,998,998,1,998,998
1001748065,998,998,998,998,1,998,998,998,998,3,998,998,998,998,998,998,998,2,998,998
1001626877,998,5,998,998,3,998,998,998,998,1,998,998,998,998,2,998,998,4,998,998
1001748419,998,998,998,998,998,998,998,998,998,998,998,998,998,998,2,998,998,1,998,3
1001748815,9,998,7,10,998,998,998,5,998,998,1,2,8,998,6,998,4,998,3,998
1001748295,2,8,998,5,998,998,998,998,9,998,4,10,7,998,998,998,998,3,1,6
1001753577,998,998,998,998,998,998,998,998,998,1,998,998,998,998,998,998,998,998,998,998
1001755957,998,2,998,998,1,8,9,998,998,5,10,998,7,3,998,998,6,4,998,998
1001511747,998,2,4,998,1,5,998,998,8,9,7,998,6,998,10,998,998,3,998,998
1001762241,8,5,9,6,3,998,998,998,10,998,998,998,7,998,4,998,998,2,998,1
1001579455,10,5,7,998,3,8,998,998,998,2,9,998,4,998,6,998,998,1,998,998
474630096,998,9,998,998,2,6,998,998,8,998,4,998,7,998,10,998,5,1,998,3
1001666757,998,2,8,998,998,998,998,6,998,10,3,998,998,4,5,998,9,1,7,998
1001684147,998,3,5,998,6,998,7,998,998,998,998,998,4,998,998,998,1,2,998,998
1001695847,998,998,998,998,998,998,998,998,998,3,998,998,998,998,998,998,998,1,998,2
1000844287,998,2,4,8,9,998,998,7,998,3,10,998,6,998,5,998,998,1,998,998
1001767095,6,3,4,998,998,9,7,998,998,8,998,998,1,998,10,998,998,2,998,5
1001749843,998,1,998,998,998,998,998,998,998,998,998,998,998,2,998,998,998,998,998,998
1001767583,998,3,998,998,998,998,998,998,998,998,998,998,998,998,2,998,998,1,998,998
1001767051,998,1,998,998,7,4,2,8,998,3,10,998,6,998,9,998,998,5,998,998
1001767789,998,3,998,998,998,998,998,998,998,998,998,998,998,998,1,998,998,2,998,998
1001771763,998,998,8,9,5,1,10,998,7,2,998,998,4,998,998,998,3,998,998,6
1001767977,6,1,998,9,3,998,4,998,998,5,998,998,998,7,2,10,998,8,998,998
1001767987,998,998,998,998,998,998,998,998,998,3,998,998,4,998,998,998,998,2,998,1
1001572541,998,998,998,998,998,998,998,998,998,998,998,998,998,998,2,998,998,1,998,998
1001778865,998,998,998,998,2,998,998,998,998,4,998,998,998,998,3,998,998,1,998,5
1001695383,998,6,998,998,2,998,998,998,998,4,998,998,1,998,5,998,998,3,998,998
1001779073,998,1,998,998,998,998,998,998,998,998,998,998,998,998,2,998,998,998,998,998
1001695561,998,998,998,998,998,998,998,998,998,998,998,998,998,998,2,998,998,1,998,998
1001784903,6,8,998,998,2,998,1,998,4,998,998,998,3,5,998,998,998,9,7,10
1001784897,998,1,998,998,9,998,6,5,998,10,3,8,7,4,998,998,2,998,998,998
1001784711,998,1,4,998,6,998,998,998,998,3,998,998,7,998,2,998,998,5,998,998
1001636479,998,3,4,998,1,998,998,998,998,5,998,998,6,998,998,998,998,998,998,2
1001785473,8,998,2,4,6,998,1,998,998,998,7,3,998,998,9,998,5,10,998,998
1001667361,998,2,3,998,998,6,10,9,998,4,998,8,998,998,1,998,998,5,7,998
1001539271,998,998,998,998,998,998,998,998,998,998,998,998,998,998,998,998,998,998,998,998
1001791621,998,998,998,998,998,998,998,998,998,998,998,998,3,998,1,998,998,2,998,998
1001792393,998,998,5,998,6,2,998,998,1,998,998,998,998,998,998,998,998,3,998,4
1001797971,998,3,5,998,998,6,998,998,998,1,7,998,8,2,4,10,9,998,998,998
1001797723,7,1,5,2,9,998,998,10,998,998,4,3,998,8,998,998,6,998,998,998
1001520599,998,1,2,998,998,998,998,998,998,998,998,998,998,998,998,998,998,998,998,998
1001792481,8,3,5,998,6,998,998,10,998,1,998,998,998,998,2,9,4,998,7,998
1001061581,998,1,3,998,998,8,998,998,10,4,6,998,998,998,2,998,998,5,7,9
1001685493,998,2,998,998,998,3,998,998,998,998,998,998,998,998,1,998,998,998,998,998
1001799139,998,998,2,998,10,998,3,998,7,4,998,998,8,998,998,6,1,5,998,9
1001798899,6,4,5,10,998,998,1,8,998,998,998,998,998,998,2,3,998,998,9,7
1001798021,998,1,2,998,998,6,998,8,998,7,9,998,5,998,3,998,998,4,998,10
1001702089,9,2,6,998,5,998,998,10,998,4,8,998,998,998,3,998,998,1,998,7
1001768445,998,1,5,8,998,10,9,998,998,3,998,998,7,998,4,998,6,2,998,998
1001688315,998,998,998,2,5,998,3,998,998,998,998,998,4,998,1,7,998,998,998,6
1001708173,998,9,998,998,998,998,5,7,2,998,10,998,8,998,1,998,998,6,4,3
1001520601,998,3,4,998,2,998,998,998,998,5,998,998,998,998,998,998,998,1,998,998
1001806569,998,1,998,5,10,998,7,998,998,3,998,998,998,9,2,8,998,998,6,4
1001632321,6,2,1,998,998,998,3,5,998,8,998,998,4,9,998,10,998,998,998,7
1001722801,998,998,4,6,2,5,998,998,998,3,998,998,998,998,998,1,998,998,998,998
1001814449,998,998,998,998,998,998,998,998,998,1,998,998,998,998,3,998,998,2,998,998
1001701553,998,998,998,998,998,998,998,998,998,998,998,998,3,998,1,998,998,2,998,998
1001725085,998,998,998,998,5,8,7,998,1,998,9,998,3,998,2,998,6,10,998,4
1001642807,998,1,4,998,6,9,10,998,998,5,7,998,8,998,3,998,998,2,998,998
1001474681,998,1,998,998,998,998,998,998,998,5,2,998,998,998,4,998,998,3,998,998
1000454681,9,1,8,998,4,5,998,998,998,2,10,998,7,998,998,998,998,3,998,6
1001821689,8,4,998,998,10,998,998,998,998,7,998,5,998,998,2,3,9,6,998,1
1001821693,9,2,8,998,10,1,4,998,5,3,998,998,998,998,6,998,7,998,998,998
1001821905,998,998,1,998,4,998,998,998,998,3,998,5,998,998,2,998,998,6,998,998
1001572525,9,2,5,8,7,998,998,998,998,1,6,998,998,10,4,998,998,3,998,998
1001815987,998,2,7,998,998,10,998,998,998,3,998,998,8,998,1,998,6,5,9,4
1001822509,9,2,6,998,998,998,998,10,998,8,998,998,998,998,1,4,7,3,5,998
1001822259,998,998,998,998,998,5,998,2,998,7,4,6,998,9,10,8,1,998,3,998
1001713661,998,2,1,998,998,998,998,998,998,998,998,998,998,998,998,998,998,998,3,998
1001822949,998,2,998,998,998,998,998,998,998,998,998,998,998,998,1,998,998,998,998,998
1001749957,998,7,4,998,3,10,9,998,998,2,998,998,8,998,5,998,998,1,998,6
1001822571,998,1,998,998,998,8,998,6,998,7,998,998,4,10,2,9,998,3,998,5
1001660621,998,998,998,998,998,998,998,998,998,2,998,998,3,998,998,998,998,1,998,998
1001682459,998,998,998,998,998,998,998,2,1,998,998,998,998,3,998,998,998,998,998,998
1001830953,998,998,8,998,9,5,7,998,6,3,998,998,998,10,1,998,998,2,998,4
1001663387,998,998,998,998,998,998,998,998,998,998,3,998,998,998,2,998,998,1,998,998
1001832601,998,2,3,998,998,9,998,7,998,1,998,10,998,5,998,998,998,4,6,8
1001832731,998,2,4,998,3,5,998,6,998,7,1,998,998,998,9,998,998,8,998,998
1001688945,7,998,4,998,5,1,8,998,10,998,998,998,9,998,998,998,998,2,3,6
1001826489,998,3,998,998,998,998,998,998,998,998,998,998,998,998,2,998,998,1,998,998
1001749923,998,998,8,998,4,6,998,998,3,9,7,998,998,998,2,998,10,1,998,5
1001632311,2,9,998,998,4,998,10,6,7,998,3,8,998,998,1,5,998,998,998,998
1001833753,998,998,998,998,998,4,5,998,998,998,998,998,998,998,2,998,6,1,998,3
1001833179,998,1,8,998,5,10,6,998,998,3,998,998,7,998,2,998,998,4,998,9
1001773683,8,6,998,9,3,10,998,998,998,1,998,998,998,998,4,998,998,2,7,5
1001725309,998,998,998,998,4,998,998,998,998,3,998,998,1,998,998,998,998,2,998,998
1001688759,998,4,998,998,998,998,998,998,998,3,998,998,998,998,2,998,998,1,998,998
1001834371,998,998,998,998,6,8,998,998,2,9,10,5,7,998,1,998,998,3,998,4
1001838429,998,6,3,998,998,4,998,998,10,1,8,998,9,998,5,998,998,2,998,7
1001658155,998,2,6,998,1,3,998,998,998,5,7,998,998,998,998,998,998,4,998,8
1001840111,7,998,9,8,5,998,998,10,3,6,998,1,998,2,998,4,998,998,998,998
1001475161,998,1,6,998,5,7,998,998,998,4,10,998,8,998,3,998,998,2,998,9
1001584725,998,1,4,998,998,998,998,998,998,998,3,998,998,998,998,998,998,2,998,998
1001842107,1,7,998,9,3,998,5,998,998,4,8,998,6,998,10,998,2,998,998,998
1001680393,998,998,6,998,8,9,998,998,3,2,10,998,7,998,4,998,998,1,998,5
1001848173,998,998,998,998,998,998,998,998,998,1,2,998,998,998,998,998,998,998,998,998
1001588549,9,998,7,998,2,6,8,998,998,5,4,998,3,998,998,998,10,1,998,998
1001475107,3,9,1,7,5,6,998,10,998,998,998,998,2,998,998,8,998,998,998,4
1001848631,998,5,10,998,998,998,6,998,3,4,998,998,9,8,2,998,998,7,998,1
1001577277,998,7,9,998,4,8,998,998,3,5,998,998,10,998,1,998,998,2,998,6
1001855269,998,8,2,998,9,7,998,998,998,1,998,998,10,998,5,998,4,6,998,3
1001854887,998,998,6,998,4,8,998,998,2,998,10,998,5,998,7,998,9,1,998,3
1001861113,998,1,3,998,998,998,998,10,998,8,9,998,7,4,2,998,998,6,998,5
1001655129,998,1,3,998,6,998,998,998,998,2,9,998,7,998,10,998,998,5,8,4
1001861965,998,998,998,998,6,998,998,998,3,4,998,998,5,998,2,998,998,1,998,998
